Brand,Model,Rank,Benchmark,Samples,URL
Nvidia,RTX 3090,1,232,24031,https://gpu.userbenchmark.com/Nvidia-RTX-3090/Rating/4081
Nvidia,Quadro RTX A6000,2,207,1,https://gpu.userbenchmark.com/SpeedTest/1300600/NVIDIA-Quadro-RTX-A6000
Nvidia,RTX 3080,3,204,78061,https://gpu.userbenchmark.com/Nvidia-RTX-3080/Rating/4080
AMD,RX 6900-XT,4,190,966,https://gpu.userbenchmark.com/AMD-RX-6900-XT/Rating/4091
Nvidia,Titan RTX,5,185,1486,https://gpu.userbenchmark.com/SpeedTest/664199/NVIDIA-TITAN-RTX
Nvidia,NVidia Titan RTX 24GB,5,185,1486,https://gpu.userbenchmark.com/SpeedTest/664199/NVIDIA-TITAN-RTX
Nvidia,RTX 2080-Ti,6,176,242889,https://gpu.userbenchmark.com/Nvidia-RTX-2080-Ti/Rating/4027
Nvidia,Quadro RTX 8000,7,175,162,https://gpu.userbenchmark.com/SpeedTest/762332/NVIDIA-Quadro-RTX-8000
Nvidia,Quadro RTX 6000,8,171,478,https://gpu.userbenchmark.com/SpeedTest/736712/NVIDIA-Quadro-RTX-6000
AMD,RX 6800-XT,9,165,2211,https://gpu.userbenchmark.com/AMD-RX-6800-XT/Rating/4089
Nvidia,Titan V,10,159,690,https://gpu.userbenchmark.com/SpeedTest/395529/NVIDIA-TITAN-V
Nvidia,RTX 3070,11,153,82730,https://gpu.userbenchmark.com/Nvidia-RTX-3070/Rating/4083
Nvidia,Titan Xp,12,142,5903,https://gpu.userbenchmark.com/SpeedTest/265423/NVIDIA-TITAN-Xp
Nvidia,RTX 2080S (Super),13,138,146703,https://gpu.userbenchmark.com/Nvidia-RTX-2080S-Super/Rating/4050
AMD,RX 6800,14,137,2538,https://gpu.userbenchmark.com/AMD-RX-6800/Rating/4088
Nvidia,GTX 1080-Ti,15,136,604866,https://gpu.userbenchmark.com/Nvidia-GTX-1080-Ti/Rating/3918
Nvidia,Quadro RTX 5000,16,132,876,https://gpu.userbenchmark.com/SpeedTest/712800/NVIDIA-Quadro-RTX-5000
Nvidia,Titan X Pascal,17,131,6204,https://gpu.userbenchmark.com/SpeedTest/158352/NVIDIA-TITAN-X-Pascal
Nvidia,NVidia Titan X Pascal 12GB,17,131,6204,https://gpu.userbenchmark.com/SpeedTest/158352/NVIDIA-TITAN-X-Pascal
Nvidia,RTX 3060-Ti,18,131,23858,https://gpu.userbenchmark.com/Nvidia-RTX-3060-Ti/Rating/4090
Nvidia,Quadro P6000,19,130,528,https://gpu.userbenchmark.com/SpeedTest/187394/NVIDIA-Quadro-P6000
Nvidia,RTX 2080,20,129,209298,https://gpu.userbenchmark.com/Nvidia-RTX-2080/Rating/4026
Nvidia,RTX 2080S (Super Mobile),21,120,558,https://gpu.userbenchmark.com/SpeedTest/1188513/NVIDIA-GeForce-RTX-2080-Super
Nvidia,RTX 2070S (Super),22,118,403865,https://gpu.userbenchmark.com/Nvidia-RTX-2070S-Super/Rating/4048
Nvidia,RTX 2080 (Mobile),23,112,2630,https://gpu.userbenchmark.com/SpeedTest/700275/NVIDIA-GeForce-RTX-2080
AMD,Radeon-VII,24,111,8790,https://gpu.userbenchmark.com/AMD-Radeon-VII/Rating/4035
AMD,Asus Radeon VII 16GB,24,111,8790,https://gpu.userbenchmark.com/AMD-Radeon-VII/Rating/4035
AMD,RX 5700-XT,25,107,307597,https://gpu.userbenchmark.com/AMD-RX-5700-XT/Rating/4045
AMD,Asus RX 5700 XT 8GB,25,107,307597,https://gpu.userbenchmark.com/AMD-RX-5700-XT/Rating/4045
AMD,RX 5700XT 50th Anniversary,26,107,2896,https://gpu.userbenchmark.com/SpeedTest/845537/AMD-Radeon-RX-5700-XT-50th-Anniversary
Nvidia,GTX 1080,27,106,786866,https://gpu.userbenchmark.com/Nvidia-GTX-1080/Rating/3603
Nvidia,RTX 2070,28,106,326115,https://gpu.userbenchmark.com/Nvidia-RTX-2070/Rating/4029
Nvidia,Quadro GP100,29,104,95,https://gpu.userbenchmark.com/SpeedTest/279788/NVIDIA-Quadro-GP100
AMD,RX Vega-64LC (Liquid Cooled),30,99.2,3161,https://gpu.userbenchmark.com/SpeedTest/353890/Radeon-RX-Vega
Nvidia,RTX 2060S (Super),31,98.7,180456,https://gpu.userbenchmark.com/Nvidia-RTX-2060S-Super/Rating/4049
Nvidia,GTX 1070-Ti,32,96.9,285775,https://gpu.userbenchmark.com/Nvidia-GTX-1070-Ti/Rating/3943
Nvidia,RTX 2070S (Super Mobile),33,96.4,2264,https://gpu.userbenchmark.com/SpeedTest/1164515/NVIDIA-GeForce-RTX-2070-Super
Nvidia,GTX 1080 (Mobile),34,96.3,11649,https://gpu.userbenchmark.com/SpeedTest/165564/NVIDIA-GeForce-GTX-1080
Nvidia,RTX 2080S (Super Mobile Max-Q),35,96.1,1394,https://gpu.userbenchmark.com/SpeedTest/1114823/NVIDIA-GeForce-RTX-2080-Super-with-Max-Q-Design
Nvidia,Quadro RTX 4000,36,95,2893,https://gpu.userbenchmark.com/SpeedTest/716215/NVIDIA-Quadro-RTX-4000
AMD,RX Vega-64,37,94.1,64945,https://gpu.userbenchmark.com/AMD-RX-Vega-64/Rating/3933
Nvidia,Quadro P5000,38,94,6055,https://gpu.userbenchmark.com/SpeedTest/197331/NVIDIA-Quadro-P5000
Nvidia,RTX 2070 (Mobile),39,90.8,10578,https://gpu.userbenchmark.com/SpeedTest/694798/NVIDIA-GeForce-RTX-2070
AMD,RX 5700,40,90.4,49382,https://gpu.userbenchmark.com/AMD-RX-5700/Rating/4046
AMD,Vega Frontier Edition,41,90.1,1451,https://gpu.userbenchmark.com/AMD-Vega-Frontier-Edition/Rating/3929
AMD,Radeon Vega Frontier Edition Air,41,90.1,1451,https://gpu.userbenchmark.com/AMD-Vega-Frontier-Edition/Rating/3929
Nvidia,RTX 2080 (Mobile Max-Q),42,89.5,4116,https://gpu.userbenchmark.com/SpeedTest/704710/NVIDIA-GeForce-RTX-2080-with-Max-Q-Design
AMD,RX 5600-XT,43,89.3,60191,https://gpu.userbenchmark.com/AMD-RX-5600-XT/Rating/4062
Nvidia,RTX 2060,44,88.6,352805,https://gpu.userbenchmark.com/Nvidia-RTX-2060/Rating/4034
Nvidia,RTX 2070S (Super Mobile Max-Q),45,85.9,901,https://gpu.userbenchmark.com/SpeedTest/1168355/NVIDIA-GeForce-RTX-2070-Super-with-Max-Q-Design
AMD,RX Vega-56,46,84.5,74552,https://gpu.userbenchmark.com/AMD-RX-Vega-56/Rating/3938
Nvidia,GTX 980-Ti,47,80.7,166204,https://gpu.userbenchmark.com/Nvidia-GTX-980-Ti/Rating/3439
Nvidia,RTX 2070 (Mobile Max-Q),48,80,6472,https://gpu.userbenchmark.com/SpeedTest/703511/NVIDIA-GeForce-RTX-2070-with-Max-Q-Design
Nvidia,GTX 1070,49,79.6,1029341,https://gpu.userbenchmark.com/Nvidia-GTX-1070/Rating/3609
Nvidia,GTX Titan X,50,79.1,13727,https://gpu.userbenchmark.com/Nvidia-GTX-Titan-X/Rating/3282
Nvidia,GTX 1080 (Mobile Max-Q),51,78.1,2286,https://gpu.userbenchmark.com/SpeedTest/308045/NVIDIA-GeForce-GTX-1080-with-Max-Q-Design
Nvidia,GTX 1660-Ti,52,76.6,179175,https://gpu.userbenchmark.com/Nvidia-GTX-1660-Ti/Rating/4037
Nvidia,Quadro M6000 24GB,53,75.3,220,https://gpu.userbenchmark.com/SpeedTest/145751/NVIDIA-Quadro-M6000-24GB
Nvidia,Quadro M6000,54,74.8,338,https://gpu.userbenchmark.com/SpeedTest/36278/NVIDIA-Quadro-M6000
Nvidia,GTX 1660S (Super),55,71.2,178674,https://gpu.userbenchmark.com/Nvidia-GTX-1660S-Super/Rating/4056
Nvidia,RTX 2060 (Mobile),56,71,50052,https://gpu.userbenchmark.com/SpeedTest/701609/NVIDIA-GeForce-RTX-2060
Nvidia,GTX 1070 (Mobile),57,70.6,69010,https://gpu.userbenchmark.com/SpeedTest/164129/NVIDIA-GeForce-GTX-1070
Nvidia,GTX 1660,58,68.6,131487,https://gpu.userbenchmark.com/Nvidia-GTX-1660/Rating/4038
Nvidia,Quadro P4000,59,67.8,8151,https://gpu.userbenchmark.com/SpeedTest/250990/NVIDIA-Quadro-P4000
Nvidia,Quadro P5000-M (Mobile),60,67,494,https://gpu.userbenchmark.com/SpeedTest/249248/NVIDIA-Quadro-P5000
AMD,R9 Fury-X,61,66.9,4347,https://gpu.userbenchmark.com/AMD-R9-Fury-X/Rating/3498
Nvidia,GTX 1660-Ti (Mobile),62,65.2,37036,https://gpu.userbenchmark.com/SpeedTest/776281/NVIDIA-GeForce-GTX-1660-Ti
AMD,R9 Fury,63,63.5,12698,https://gpu.userbenchmark.com/AMD-R9-Fury/Rating/3509
Nvidia,GTX 1070 (Mobile Max-Q),64,61.2,5763,https://gpu.userbenchmark.com/SpeedTest/301524/NVIDIA-GeForce-GTX-1070-with-Max-Q-Design
Nvidia,GTX 980,65,60.7,129803,https://gpu.userbenchmark.com/Nvidia-GTX-980/Rating/2576
Nvidia,GTX 1650S (Super),66,60.4,73712,https://gpu.userbenchmark.com/Nvidia-GTX-1650S-Super/Rating/4058
AMD,RX 590,67,60.3,72163,https://gpu.userbenchmark.com/AMD-RX-590/Rating/4033
Nvidia,GTX Titan Z (SLI Disabled),68,58.8,646,https://gpu.userbenchmark.com/SpeedTest/17751/NVIDIA-GeForce-GTX-TITAN-Z
AMD,RX 5500-XT,69,58.3,27041,https://gpu.userbenchmark.com/AMD-RX-5500-XT/Rating/4060
AMD,RX 5500,70,57.9,121,https://gpu.userbenchmark.com/AMD-RX-5500/Rating/4059
Nvidia,GTX 1660-Ti (Mobile Max-Q),71,57.5,6424,https://gpu.userbenchmark.com/SpeedTest/789578/NVIDIA-GeForce-GTX-1660-Ti-with-Max-Q-Design
Nvidia,GTX 1060-6GB,72,57,1047709,https://gpu.userbenchmark.com/Nvidia-GTX-1060-6GB/Rating/3639
Nvidia,GTX 780-Ti,73,55.9,23097,https://gpu.userbenchmark.com/Nvidia-GTX-780-Ti/Rating/2165
AMD,R9 390X,74,55.5,21368,https://gpu.userbenchmark.com/AMD-R9-390X/Rating/3497
AMD,RX 580,75,55.3,623105,https://gpu.userbenchmark.com/AMD-RX-580/Rating/3923
AMD,R9 Nano,76,54.8,452,https://gpu.userbenchmark.com/SpeedTest/58413/AMD-Radeon-TM-R9-Fury
AMD,R9 290X,77,52.9,25875,https://gpu.userbenchmark.com/AMD-R9-290X/Rating/2166
Nvidia,GTX Titan Black,78,52.9,2687,https://gpu.userbenchmark.com/Nvidia-GTX-Titan-Black/Rating/3158
Nvidia,GTX 1060-3GB,79,52.8,406996,https://gpu.userbenchmark.com/Nvidia-GTX-1060-3GB/Rating/3646
AMD,R9 295X2 (CrossFire Disabled),80,50.8,2252,https://gpu.userbenchmark.com/SpeedTest/11791/AMD-Radeon-R9-200
AMD,R9 390,81,50.6,70493,https://gpu.userbenchmark.com/AMD-R9-390/Rating/3481
Nvidia,GTX 970,82,50.4,648344,https://gpu.userbenchmark.com/Nvidia-GTX-970/Rating/2577
AMD,RX 480,83,48.4,173514,https://gpu.userbenchmark.com/AMD-RX-480/Rating/3634
Nvidia,GTX 780,84,47.5,32393,https://gpu.userbenchmark.com/Nvidia-GTX-780/Rating/2164
AMD,R9 290,85,47.5,53139,https://gpu.userbenchmark.com/AMD-R9-290/Rating/2171
Nvidia,GTX Titan,86,47.5,4257,https://gpu.userbenchmark.com/Nvidia-GTX-Titan/Rating/2191
Nvidia,GTX 780 4GB,87,47.2,795,https://gpu.userbenchmark.com/SpeedTest/11282/NVIDIA-GeForce-GTX-780
AMD,RX 570,88,47,296565,https://gpu.userbenchmark.com/AMD-RX-570/Rating/3924
Nvidia,GTX 1060 (Mobile),89,46.6,143615,https://gpu.userbenchmark.com/SpeedTest/164336/NVIDIA-GeForce-GTX-1060
Nvidia,Quadro K6000,90,46.2,643,https://gpu.userbenchmark.com/Nvidia-Quadro-K6000/Rating/2837
Nvidia,GTX 1060 (Mobile Max-Q),91,43.5,27864,https://gpu.userbenchmark.com/SpeedTest/325746/NVIDIA-GeForce-GTX-1060-with-Max-Q-Design
AMD,Radeon Pro 5500M,92,43.2,1154,https://gpu.userbenchmark.com/SpeedTest/960765/AMD-Radeon-Pro-5500M
Nvidia,GTX 1650,93,43.1,84344,https://gpu.userbenchmark.com/Nvidia-GTX-1650/Rating/4039
Nvidia,GTX 1650-Ti (Mobile),94,42.1,7079,https://gpu.userbenchmark.com/SpeedTest/1091296/NVIDIA-GeForce-GTX-1650-Ti
Nvidia,GTX 1650 (Mobile),95,41.8,40169,https://gpu.userbenchmark.com/SpeedTest/775280/NVIDIA-GeForce-GTX-1650
AMD,RX 470,96,41.6,68681,https://gpu.userbenchmark.com/AMD-RX-470/Rating/3640
Nvidia,Quadro P2000,97,41,9295,https://gpu.userbenchmark.com/SpeedTest/257811/NVIDIA-Quadro-P2000
Nvidia,GTX 980M,98,40.7,13213,https://gpu.userbenchmark.com/SpeedTest/15596/NVIDIA-GeForce-GTX-980M
Nvidia,GeForce GTX 690 (SLI Disabled),99,40.3,4925,https://gpu.userbenchmark.com/SpeedTest/8241/NVIDIA-GeForce-GTX-690
AMD,R9 380X,100,39.8,16012,https://gpu.userbenchmark.com/AMD-R9-380X/Rating/3532
AMD,HD 7970,101,39.5,5901,https://gpu.userbenchmark.com/AMD-HD-7970/Rating/2163
AMD,R9 280X,102,39,79645,https://gpu.userbenchmark.com/AMD-R9-280X/Rating/2192
Nvidia,Quadro P3000,103,38.9,720,https://gpu.userbenchmark.com/SpeedTest/264483/NVIDIA-Quadro-P3000
AMD,Radeon RX Vega M GH,104,37,2402,https://gpu.userbenchmark.com/SpeedTest/422266/Radeon-RX-Vega-M-GH-Graphics
Nvidia,GTX 1650 (Mobile Max-Q),105,36.7,3748,https://gpu.userbenchmark.com/SpeedTest/790279/NVIDIA-GeForce-GTX-1650-with-Max-Q-Design
Nvidia,GTX 770,106,36.4,116527,https://gpu.userbenchmark.com/Nvidia-GTX-770/Rating/2174
AMD,Radeon Pro 5300M,108,36.3,496,https://gpu.userbenchmark.com/SpeedTest/965657/AMD-Radeon-Pro-5300M
AMD,HD 7990 (CrossFire Disabled),109,36,982,https://gpu.userbenchmark.com/SpeedTest/7985/AMD-Radeon-HD-7900
AMD,R9 380,110,34.6,68964,https://gpu.userbenchmark.com/AMD-R9-380/Rating/3482
Nvidia,GTX 680,111,34,28684,https://gpu.userbenchmark.com/Nvidia-GTX-680/Rating/3148
Nvidia,GTX 960,112,33.7,335015,https://gpu.userbenchmark.com/Nvidia-GTX-960/Rating/3165
AMD,R9 285,114,33.5,4433,https://gpu.userbenchmark.com/AMD-R9-285/Rating/3174
AMD,R9 280,115,32.8,32908,https://gpu.userbenchmark.com/AMD-R9-280/Rating/2241
Nvidia,Quadro K5200,116,32.2,1089,https://gpu.userbenchmark.com/SpeedTest/20811/NVIDIA-Quadro-K5200
Nvidia,GTX 970M,117,31.7,21411,https://gpu.userbenchmark.com/SpeedTest/17319/NVIDIA-GeForce-GTX-970M
Nvidia,Quadro M4000,118,31.4,5850,https://gpu.userbenchmark.com/SpeedTest/37687/NVIDIA-Quadro-M4000
Nvidia,GTX 1050-Ti,119,31.1,724497,https://gpu.userbenchmark.com/Nvidia-GTX-1050-Ti/Rating/3649
AMD,HD 7950,120,30.8,29777,https://gpu.userbenchmark.com/AMD-HD-7950/Rating/2160
Nvidia,GTX 1050-Ti (Mobile),121,30.8,83126,https://gpu.userbenchmark.com/SpeedTest/223242/NVIDIA-GeForce-GTX-1050-Ti
Nvidia,GTX 670,122,29.3,42115,https://gpu.userbenchmark.com/Nvidia-GTX-670/Rating/2181
Nvidia,GTX 880M,123,28.5,2696,https://gpu.userbenchmark.com/SpeedTest/8540/NVIDIA-GeForce-GTX-880M
AMD,R9 270X,124,28.2,76654,https://gpu.userbenchmark.com/AMD-R9-270X/Rating/2188
Nvidia,GTX 660-Ti,125,28.1,32325,https://gpu.userbenchmark.com/Nvidia-GTX-660-Ti/Rating/2183
Nvidia,GTX 760,126,27.8,120876,https://gpu.userbenchmark.com/Nvidia-GTX-760/Rating/2159
Nvidia,GTX 760 Ti OEM,127,27.6,1463,https://gpu.userbenchmark.com/SpeedTest/10856/NVIDIA-GeForce-GTX-760-Ti-OEM
AMD,HD 7870,128,27.1,34808,https://gpu.userbenchmark.com/AMD-HD-7870/Rating/2161
Nvidia,GTX 1050-Ti (Mobile Max-Q),129,26.9,7700,https://gpu.userbenchmark.com/SpeedTest/419871/NVIDIA-GeForce-GTX-1050-Ti-with-Max-Q-Design
Nvidia,GTX 1050,130,26.8,194443,https://gpu.userbenchmark.com/Nvidia-GTX-1050/Rating/3650
Nvidia,GTX 950,131,26.2,91385,https://gpu.userbenchmark.com/Nvidia-GTX-950/Rating/3510
Nvidia,GTX 780M,132,25.9,3691,https://gpu.userbenchmark.com/SpeedTest/7760/NVIDIA-GeForce-GTX-780M
AMD,Radeon RX Vega M GL,133,25.5,1046,https://gpu.userbenchmark.com/SpeedTest/453719/Radeon-RX-Vega-M-GL-Graphics
Nvidia,GTX 1050 (Mobile),134,25,121507,https://gpu.userbenchmark.com/SpeedTest/211022/NVIDIA-GeForce-GTX-1050
Nvidia,Quadro P1000,135,24.8,4046,https://gpu.userbenchmark.com/SpeedTest/271840/NVIDIA-Quadro-P1000
Nvidia,GeForce GTX 590 (SLI Disabled),136,24.8,1010,https://gpu.userbenchmark.com/SpeedTest/8041/NVIDIA-GeForce-GTX-590
AMD,R9 270,137,24.5,36484,https://gpu.userbenchmark.com/AMD-R9-270/Rating/3149
Nvidia,GTX 965M,138,24.1,3408,https://gpu.userbenchmark.com/SpeedTest/24481/NVIDIA-GeForce-GTX-965M
Nvidia,GTX 870M,139,23.8,2819,https://gpu.userbenchmark.com/SpeedTest/10421/NVIDIA-GeForce-GTX-870M
Nvidia,Quadro M2000,141,22.6,3748,https://gpu.userbenchmark.com/SpeedTest/135005/NVIDIA-Quadro-M2000
AMD,RX 560,142,22.6,43867,https://gpu.userbenchmark.com/AMD-RX-560/Rating/3926
Nvidia,GTX 680MX,143,22.5,237,https://gpu.userbenchmark.com/SpeedTest/8956/NVIDIA-GeForce-GTX-680MX
Nvidia,Quadro K4200,144,22.2,4242,https://gpu.userbenchmark.com/Nvidia-Quadro-K4200/Rating/2838
Nvidia,Quadro K5100M,145,22.1,485,https://gpu.userbenchmark.com/SpeedTest/11274/NVIDIA-Quadro-K5100M
Nvidia,Quadro K5000,146,21.9,2134,https://gpu.userbenchmark.com/SpeedTest/9098/NVIDIA-Quadro-K5000
Nvidia,GTX 775M,147,21.8,352,https://gpu.userbenchmark.com/SpeedTest/13797/NVIDIA-GeForce-GTX-775M
AMD,HD 6970,148,21.5,7371,https://gpu.userbenchmark.com/SpeedTest/7712/AMD-Radeon-HD-6900
AMD,R7 370,149,21.5,32785,https://gpu.userbenchmark.com/AMD-R7-370/Rating/3571
Nvidia,GTX 580,150,21.5,12682,https://gpu.userbenchmark.com/Nvidia-GTX-580/Rating/3150
Nvidia,GTX 660,151,21.2,85955,https://gpu.userbenchmark.com/Nvidia-GTX-660/Rating/2162
AMD,R9 M290X,152,21.1,1174,https://gpu.userbenchmark.com/SpeedTest/11722/AMD-Radeon-R9-M290X
Nvidia,GTX 760 (192-bit),153,21,8957,https://gpu.userbenchmark.com/SpeedTest/11047/NVIDIA-GeForce-GTX-760-192-bit
Nvidia,GeForce MX350,154,20.9,616,https://gpu.userbenchmark.com/SpeedTest/1069350/NVIDIA-GeForce-MX350
AMD,Radeon HD 7970M,155,20.9,842,https://gpu.userbenchmark.com/SpeedTest/9441/AMD-Radeon-HD-7970M
AMD,HD 6990 (Crossfire Disabled),156,20.8,1045,https://gpu.userbenchmark.com/SpeedTest/7713/AMD-Radeon-HD-6900
AMD,R7 265,157,20.6,7199,https://gpu.userbenchmark.com/AMD-R7-265/Rating/3296
AMD,HD 7790,159,20.4,8048,https://gpu.userbenchmark.com/SpeedTest/8622/AMD-Radeon-HD-7700
AMD,Radeon RX 560-B,160,20.4,32320,https://gpu.userbenchmark.com/SpeedTest/330029/Radeon-RX-560
AMD,R9 M290,161,20.3,71,https://gpu.userbenchmark.com/SpeedTest/31120/AMD-RADEON-R9-M290
Nvidia,GTX 680M,162,20.1,1074,https://gpu.userbenchmark.com/SpeedTest/8687/NVIDIA-GeForce-GTX-680M
AMD,RX 460,163,20.1,55867,https://gpu.userbenchmark.com/AMD-RX-460/Rating/3641
AMD,R7 260X,164,20,32584,https://gpu.userbenchmark.com/AMD-R7-260X/Rating/3151
Nvidia,GTX 570,165,19.4,19406,https://gpu.userbenchmark.com/Nvidia-GTX-570/Rating/3156
AMD,HD 5870,166,19.3,9254,https://gpu.userbenchmark.com/SpeedTest/7681/AMD-Radeon-HD-5800
AMD,HD 6950,167,19.3,18325,https://gpu.userbenchmark.com/AMD-HD-6950/Rating/3152
AMD,HD 7850,168,19.2,42161,https://gpu.userbenchmark.com/AMD-HD-7850/Rating/2182
Nvidia,GTX 480,169,18.9,3641,https://gpu.userbenchmark.com/Nvidia-GTX-480/Rating/3157
Nvidia,GTX 560 Ti (448 Core LE),171,18.4,1942,https://gpu.userbenchmark.com/SpeedTest/8215/NVIDIA-GeForce-GTX-560-Ti
Nvidia,GTX 650 Ti Boost,172,18.3,11480,https://gpu.userbenchmark.com/Nvidia-GTX-650-Ti-Boost/Rating/2190
Nvidia,GTX 750-Ti,173,18.2,236365,https://gpu.userbenchmark.com/Nvidia-GTX-750-Ti/Rating/2187
AMD,R7 360,174,17.5,19011,https://gpu.userbenchmark.com/AMD-R7-360/Rating/3572
Nvidia,GTX 960M,175,17.5,63246,https://gpu.userbenchmark.com/SpeedTest/27242/NVIDIA-GeForce-GTX-960M
Nvidia,GTX 770M,176,17.3,4794,https://gpu.userbenchmark.com/SpeedTest/7724/NVIDIA-GeForce-GTX-770M
Nvidia,Quadro K2200,177,17.2,9616,https://gpu.userbenchmark.com/Nvidia-Quadro-K2200/Rating/2839
Nvidia,GTX 560 Ti,178,17.1,34659,https://gpu.userbenchmark.com/Nvidia-GTX-560-Ti/Rating/2180
AMD,Radeon HD 8950,179,16.8,456,https://gpu.userbenchmark.com/SpeedTest/8897/AMD-Radeon-HD-8950
Nvidia,GTX 860M,181,16.4,15859,https://gpu.userbenchmark.com/SpeedTest/8647/NVIDIA-GeForce-GTX-860M
Nvidia,Quadro K5000M,182,16.4,296,https://gpu.userbenchmark.com/SpeedTest/11324/NVIDIA-Quadro-K5000M
AMD,RX Vega 11 (Ryzen iGPU),183,16.3,39329,https://gpu.userbenchmark.com/SpeedTest/401440/AMD-RadeonTM-RX-Vega-11-Graphics
AMD,HD 5970 (Crossfire Disabled),184,16.2,1234,https://gpu.userbenchmark.com/SpeedTest/7906/AMD-Radeon-HD-5900
Nvidia,GTX 675MX,186,15.7,470,https://gpu.userbenchmark.com/SpeedTest/10174/NVIDIA-GeForce-GTX-675MX
Nvidia,GTX 650-Ti,187,15.5,30192,https://gpu.userbenchmark.com/Nvidia-GTX-650-Ti/Rating/2189
AMD,HD 5850,188,15.4,11873,https://gpu.userbenchmark.com/SpeedTest/7680/AMD-Radeon-HD-5800
Nvidia,GTX 750,189,15.3,42778,https://gpu.userbenchmark.com/Nvidia-GTX-750/Rating/3162
Nvidia,GTX 850M,190,15.2,10922,https://gpu.userbenchmark.com/SpeedTest/9138/NVIDIA-GeForce-GTX-850M
AMD,HD 6870,191,15.1,22698,https://gpu.userbenchmark.com/SpeedTest/7744/AMD-Radeon-HD-6800
Nvidia,GTX 950M,192,15,34534,https://gpu.userbenchmark.com/SpeedTest/27713/NVIDIA-GeForce-GTX-950M
Nvidia,GeForce GTX 470,193,15,5265,https://gpu.userbenchmark.com/SpeedTest/7820/NVIDIA-GeForce-GTX-470
Nvidia,MX150-0,194,14.8,22478,https://gpu.userbenchmark.com/SpeedTest/332822/NVIDIA-GeForce-MX150
Nvidia,GeForce GTX 580M,196,14.6,283,https://gpu.userbenchmark.com/SpeedTest/7757/NVIDIA-GeForce-GTX-580M
Nvidia,GeForce MX250,197,14.6,5846,https://gpu.userbenchmark.com/SpeedTest/762458/NVIDIA-GeForce-MX250
Nvidia,GTX 560 Ti-OEM,198,14.5,1168,https://gpu.userbenchmark.com/SpeedTest/9203/NVIDIA-GeForce-GTX-560-Ti
Nvidia,GTX 460 v2,199,14.2,574,https://gpu.userbenchmark.com/SpeedTest/9101/NVIDIA-GeForce-GTX-460-v2
Nvidia,GTX 765M,200,14.2,6736,https://gpu.userbenchmark.com/SpeedTest/7742/NVIDIA-GeForce-GTX-765M
Nvidia,GTX 560,201,14.1,20096,https://gpu.userbenchmark.com/Nvidia-GTX-560/Rating/3155
Nvidia,Quadro 6000,202,13.9,1137,https://gpu.userbenchmark.com/SpeedTest/7657/NVIDIA-Quadro-6000
Nvidia,GTX 675M,203,13.8,794,https://gpu.userbenchmark.com/SpeedTest/8829/NVIDIA-GeForce-GTX-675M
Nvidia,Quadro K1200,204,13.6,2745,https://gpu.userbenchmark.com/SpeedTest/28490/NVIDIA-Quadro-K1200
AMD,RX 550,205,13.2,14994,https://gpu.userbenchmark.com/AMD-RX-550/Rating/3925
Nvidia,Quadro K4000,206,13.1,7657,https://gpu.userbenchmark.com/SpeedTest/7730/NVIDIA-Quadro-K4000
AMD,HD 5830,208,12.7,2251,https://gpu.userbenchmark.com/SpeedTest/8247/AMD-Radeon-HD-5800
AMD,HD 7770,209,12.6,32367,https://gpu.userbenchmark.com/SpeedTest/7710/AMD-Radeon-HD-7700
AMD,R7 250X,210,12.6,10520,https://gpu.userbenchmark.com/SpeedTest/8719/AMD-Radeon-R7-200
Nvidia,GTX 460,211,12.5,25330,https://gpu.userbenchmark.com/Nvidia-GTX-460/Rating/2167
AMD,Radeon HD 8760,212,12.5,180,https://gpu.userbenchmark.com/SpeedTest/12506/AMD-Radeon-HD-8760
Nvidia,Quadro K4000M,213,12.5,673,https://gpu.userbenchmark.com/SpeedTest/8941/NVIDIA-Quadro-K4000M
Nvidia,GTX 465,215,12.1,1233,https://gpu.userbenchmark.com/SpeedTest/8000/NVIDIA-GeForce-GTX-465
Nvidia,GeForce GTX 555,216,12,630,https://gpu.userbenchmark.com/SpeedTest/10555/NVIDIA-GeForce--GTX-555
Nvidia,GTX 670MX,217,12,1818,https://gpu.userbenchmark.com/SpeedTest/7874/NVIDIA-GeForce-GTX-670MX
Nvidia,GeForce GTX 560 SE,218,11.8,1378,https://gpu.userbenchmark.com/SpeedTest/10488/NVIDIA-GeForce-GTX-560-SE
AMD,HD 6850,219,11.7,22485,https://gpu.userbenchmark.com/SpeedTest/7743/AMD-Radeon-HD-6800
Nvidia,GeForce GTX 485M,220,11.7,51,https://gpu.userbenchmark.com/SpeedTest/10025/NVIDIA-GeForce-GTX-485M
Nvidia,GTX 760M,221,11.5,1454,https://gpu.userbenchmark.com/SpeedTest/9587/NVIDIA-GeForce-GTX-760M
Nvidia,Quadro K3100M,222,11.4,2438,https://gpu.userbenchmark.com/SpeedTest/8639/NVIDIA-Quadro-K3100M
Nvidia,MX150-2,223,11.4,4180,https://gpu.userbenchmark.com/SpeedTest/309890/NVIDIA-GeForce-MX150
Nvidia,GeForce GTX 295 (SLI Disabled),224,11.1,929,https://gpu.userbenchmark.com/SpeedTest/7987/NVIDIA-GeForce-GTX-295
AMD,RX Vega 10 (Ryzen iGPU),225,11.1,427,https://gpu.userbenchmark.com/SpeedTest/432559/AMD-RadeonTM-Vega-10-Mobile-Graphics
Nvidia,Quadro K620,227,10.9,11062,https://gpu.userbenchmark.com/Nvidia-Quadro-K620/Rating/2840
Nvidia,GeForce MX230,229,10.7,3356,https://gpu.userbenchmark.com/SpeedTest/746237/NVIDIA-GeForce-MX230
AMD,HD 5770,230,10.6,32807,https://gpu.userbenchmark.com/SpeedTest/7752/AMD-Radeon-HD-5700
Nvidia,GTX 670M,231,10.5,2465,https://gpu.userbenchmark.com/SpeedTest/7956/NVIDIA-GeForce-GTX-670M
Nvidia,GTX 460 SE,232,10.5,2855,https://gpu.userbenchmark.com/SpeedTest/7703/NVIDIA-GeForce-GTX-460-SE
AMD,R9 M370X,233,10.5,891,https://gpu.userbenchmark.com/SpeedTest/30774/AMD-Radeon-R9-M370X
AMD,HD 6790,234,10.4,3178,https://gpu.userbenchmark.com/SpeedTest/8056/AMD-Radeon-HD-6700
AMD,RX Vega 8 (Ryzen iGPU),235,10.4,68678,https://gpu.userbenchmark.com/SpeedTest/441833/AMD-RadeonTM-Vega-8-Graphics
AMD,Radeon HD 6770,236,10.3,13615,https://gpu.userbenchmark.com/SpeedTest/7704/AMD-Radeon-HD-6700
Nvidia,Quadro 5000,239,10.1,2334,https://gpu.userbenchmark.com/SpeedTest/9708/NVIDIA-Quadro-5000
AMD,HD 6970M,240,10.1,1257,https://gpu.userbenchmark.com/SpeedTest/8552/AMD-Radeon-HD-6900M
Nvidia,GeForce GTX 645,241,10.1,3589,https://gpu.userbenchmark.com/SpeedTest/8982/NVIDIA-GeForce-GTX-645
Nvidia,MX130,242,10.1,8442,https://gpu.userbenchmark.com/SpeedTest/439531/NVIDIA-GeForce-MX130
Nvidia,GTX 745 (OEM),243,9.95,21048,https://gpu.userbenchmark.com/Nvidia-GTX-745-OEM/Rating/2638
Nvidia,GeForce GT 755M,244,9.91,3137,https://gpu.userbenchmark.com/SpeedTest/7727/NVIDIA-GeForce-GT-755M
AMD,Radeon 540,245,9.86,129,https://gpu.userbenchmark.com/SpeedTest/316090/RadeonTM-540-Graphics
Nvidia,940MX,246,9.82,29289,https://gpu.userbenchmark.com/SpeedTest/88506/NVIDIA-GeForce-940MX
Nvidia,GTX 940M,247,9.8,12239,https://gpu.userbenchmark.com/SpeedTest/28796/NVIDIA-GeForce-940M
Nvidia,GeForce GTX 570M,249,9.69,562,https://gpu.userbenchmark.com/SpeedTest/10161/NVIDIA-GeForce-GTX-570M
Nvidia,GeForce GTX 285,252,9.57,2210,https://gpu.userbenchmark.com/SpeedTest/7733/NVIDIA-GeForce-GTX-285
Nvidia,GeForce 840M,254,9.41,17078,https://gpu.userbenchmark.com/SpeedTest/8643/NVIDIA-GeForce-840M
Nvidia,GTX 275,256,9.25,2423,https://gpu.userbenchmark.com/Nvidia-GTX-275/Rating/3261
Nvidia,GTX 550-Ti,257,9.1,47757,https://gpu.userbenchmark.com/Nvidia-GTX-550-Ti/Rating/3161
AMD,Radeon HD 7800M,258,9.08,401,https://gpu.userbenchmark.com/SpeedTest/10077/AMD-Radeon-HD-7800M
Nvidia,GTX 650,259,8.68,56997,https://gpu.userbenchmark.com/Nvidia-GTX-650/Rating/3154
Nvidia,GeForce GTX 280,262,8.63,1207,https://gpu.userbenchmark.com/SpeedTest/8413/NVIDIA-GeForce-GTX-280
Nvidia,930MX,264,8.61,5408,https://gpu.userbenchmark.com/SpeedTest/155423/NVIDIA-GeForce-930MX
Nvidia,GeForce GT 750M,265,8.59,10768,https://gpu.userbenchmark.com/SpeedTest/7928/NVIDIA-GeForce-GT-750M
Nvidia,GeForce GTX 480M,267,8.41,26,https://gpu.userbenchmark.com/SpeedTest/20276/NVIDIA-GeForce-GTX-480M
Nvidia,Quadro FX 5800,268,8.4,596,https://gpu.userbenchmark.com/SpeedTest/10447/NVIDIA-Quadro-FX-5800
AMD,HD 5750,269,8.31,10242,https://gpu.userbenchmark.com/SpeedTest/7753/AMD-Radeon-HD-5700
AMD,R7 250,270,8.29,20037,https://gpu.userbenchmark.com/SpeedTest/8217/AMD-Radeon-R7-200
Nvidia,Quadro 4000M,271,8.27,963,https://gpu.userbenchmark.com/SpeedTest/11532/NVIDIA-Quadro-4000M
Nvidia,Quadro K3000M,272,8.12,2028,https://gpu.userbenchmark.com/SpeedTest/8326/NVIDIA-Quadro-K3000M
AMD,R7 250E,273,8.09,8713,https://gpu.userbenchmark.com/SpeedTest/8884/AMD-Radeon-R7-200
Nvidia,GeForce GT 740,275,8.04,22093,https://gpu.userbenchmark.com/SpeedTest/13294/NVIDIA-GeForce-GT-740
AMD,Radeon HD 6700,276,8.02,3314,https://gpu.userbenchmark.com/SpeedTest/9272/AMD-Radeon-HD-6700
Nvidia,GeForce GT 745M,279,7.78,430,https://gpu.userbenchmark.com/SpeedTest/8211/NVIDIA-GeForce-GT-745M
Nvidia,GeForce 9800 GTX,280,7.77,3159,https://gpu.userbenchmark.com/SpeedTest/8342/NVIDIA-GeForce-9800-GTX9800-GTX-
Nvidia,GeForce GTS 450,281,7.76,22842,https://gpu.userbenchmark.com/SpeedTest/7762/NVIDIA-GeForce-GTS-450
AMD,HD 7750,282,7.73,19586,https://gpu.userbenchmark.com/SpeedTest/7709/AMD-Radeon-HD-7700
Nvidia,Quadro K2100M,283,7.69,5716,https://gpu.userbenchmark.com/SpeedTest/7811/NVIDIA-Quadro-K2100M
Nvidia,Quadro K2000,284,7.66,8948,https://gpu.userbenchmark.com/SpeedTest/8356/NVIDIA-Quadro-K2000
Nvidia,GTX 660M,285,7.65,6665,https://gpu.userbenchmark.com/SpeedTest/7749/NVIDIA-GeForce-GTX-660M
AMD,RX Vega 6 (Ryzen iGPU),286,7.56,1923,https://gpu.userbenchmark.com/SpeedTest/511817/AMD-RadeonTM-Vega-6-Graphics
Nvidia,GeForce GTX 560M,287,7.56,4749,https://gpu.userbenchmark.com/SpeedTest/7964/NVIDIA-GeForce-GTX-560M
Nvidia,GTX 260,289,7.52,10569,https://gpu.userbenchmark.com/Nvidia-GTX-260/Rating/3160
AMD,Radeon HD 7700M,291,7.25,488,https://gpu.userbenchmark.com/SpeedTest/11261/AMD-Radeon-HD-7700M
Nvidia,GeForce GTS 250,294,7.14,12948,https://gpu.userbenchmark.com/SpeedTest/7741/NVIDIA-GeForce-GTS-250
Nvidia,GeForce 8800 GTS-512,295,7.12,1119,https://gpu.userbenchmark.com/SpeedTest/8016/NVIDIA-GeForce-8800-GTS-512
Nvidia,GeForce GT 640,297,6.99,27408,https://gpu.userbenchmark.com/SpeedTest/7731/NVIDIA-GeForce-GT-640
Nvidia,GeForce GT 650M,298,6.97,10055,https://gpu.userbenchmark.com/SpeedTest/7754/NVIDIA-GeForce-GT-650M
Nvidia,Quadro 4000,299,6.93,10768,https://gpu.userbenchmark.com/SpeedTest/7693/NVIDIA-Quadro-4000
Nvidia,GeForce GTX 460M,300,6.92,2368,https://gpu.userbenchmark.com/SpeedTest/8234/NVIDIA-GeForce-GTX-460M
Nvidia,Quadro FX 3800M,301,6.91,316,https://gpu.userbenchmark.com/SpeedTest/9394/NVIDIA-Quadro-FX-3800M
Nvidia,GeForce 830M,302,6.89,977,https://gpu.userbenchmark.com/SpeedTest/25102/NVIDIA-GeForce-830M
AMD,Radeon  530,304,6.67,2339,https://gpu.userbenchmark.com/SpeedTest/375394/Radeon-TM-530
AMD,Radeon R7 Graphics,305,6.6,19547,https://gpu.userbenchmark.com/SpeedTest/8791/AMD-RadeonTM-R7-Graphics
Nvidia,Quadro FX 3800,306,6.59,2855,https://gpu.userbenchmark.com/SpeedTest/7804/NVIDIA-Quadro-FX-3800
AMD,HD 7730,307,6.58,2609,https://gpu.userbenchmark.com/SpeedTest/8038/AMD-Radeon-HD-7700
AMD,Radeon HD 8570,308,6.54,2815,https://gpu.userbenchmark.com/SpeedTest/9843/AMD-Radeon-HD-8570
Nvidia,GeForce GTS 240,309,6.54,873,https://gpu.userbenchmark.com/SpeedTest/8940/NVIDIA-GeForce-GTS-240
Nvidia,GeForce GTX 285M,310,6.53,108,https://gpu.userbenchmark.com/SpeedTest/10715/NVIDIA-GeForce-GTX-285M
Nvidia,MX110,314,6.4,3002,https://gpu.userbenchmark.com/SpeedTest/499472/NVIDIA-GeForce-MX110
Nvidia,GeForce GTX 280M,315,6.39,139,https://gpu.userbenchmark.com/SpeedTest/13363/NVIDIA-GeForce-GTX-280M
Nvidia,GeForce 8800 Ultra,317,6.29,99,https://gpu.userbenchmark.com/SpeedTest/14944/NVIDIA-GeForce-8800-Ultra
Intel,HD 6000 (Mobile),318,6.23,3701,https://gpu.userbenchmark.com/SpeedTest/24946/IntelR-HD-Graphics-6000
Nvidia,GeForce 8800 GT,319,6.23,4705,https://gpu.userbenchmark.com/SpeedTest/7722/NVIDIA-GeForce-8800-GT
Nvidia,Quadro 2000,320,6.17,11500,https://gpu.userbenchmark.com/SpeedTest/7708/NVIDIA-Quadro-2000
Nvidia,GeForce GT 740M,321,6.1,12188,https://gpu.userbenchmark.com/SpeedTest/7671/NVIDIA-GeForce-GT-740M
Nvidia,920MX,322,5.99,7214,https://gpu.userbenchmark.com/SpeedTest/167104/NVIDIA-GeForce-920MX
Nvidia,GeForce GT 545,323,5.98,2396,https://gpu.userbenchmark.com/SpeedTest/9908/NVIDIA-GeForce-GT-545
Nvidia,GeForce GT 635,324,5.94,2447,https://gpu.userbenchmark.com/SpeedTest/8246/NVIDIA-GeForce-GT-635
Nvidia,Quadro K2000M,325,5.94,3400,https://gpu.userbenchmark.com/SpeedTest/8574/NVIDIA-Quadro-K2000M
AMD,Radeon HD 6670,326,5.9,24991,https://gpu.userbenchmark.com/SpeedTest/7738/AMD-Radeon-HD-6670
Nvidia,Quadro K1100M,328,5.77,3859,https://gpu.userbenchmark.com/SpeedTest/10244/NVIDIA-Quadro-K1100M
Nvidia,Quadro 3000M,329,5.76,1667,https://gpu.userbenchmark.com/SpeedTest/8172/NVIDIA-Quadro-3000M
Nvidia,GeForce 8800 GTX,330,5.75,1314,https://gpu.userbenchmark.com/SpeedTest/9271/NVIDIA-GeForce-8800-GTX
Nvidia,Quadro FX 3700M,331,5.63,344,https://gpu.userbenchmark.com/SpeedTest/10184/NVIDIA-Quadro-FX-3700M
Nvidia,GeForce 9800 GT,332,5.54,14812,https://gpu.userbenchmark.com/SpeedTest/7716/NVIDIA-GeForce-9800-GT
AMD,Radeon HD 6730M,333,5.53,110,https://gpu.userbenchmark.com/SpeedTest/9168/AMD-Radeon-HD-6730M
AMD,Radeon HD 7670,334,5.51,2266,https://gpu.userbenchmark.com/SpeedTest/8206/AMD-Radeon-HD-7670
AMD,Radeon HD 6700M,335,5.49,1414,https://gpu.userbenchmark.com/SpeedTest/7769/AMD-Radeon-HD-6700M
AMD,R7 240,336,5.49,40706,https://gpu.userbenchmark.com/SpeedTest/8608/AMD-Radeon-R7-200
Nvidia,GeForce GT 640M,337,5.47,2741,https://gpu.userbenchmark.com/SpeedTest/8030/NVIDIA-GeForce-GT-640M
AMD,Radeon  HD 6770M,339,5.44,685,https://gpu.userbenchmark.com/SpeedTest/7746/Radeon-TM-HD-6770M
Nvidia,Quadro 2000M,340,5.34,2691,https://gpu.userbenchmark.com/SpeedTest/7776/NVIDIA-Quadro-2000M
AMD,Radeon HD 5670,344,5.19,11183,https://gpu.userbenchmark.com/SpeedTest/8110/AMD-Radeon-HD-5670
Intel,HD 630 (Desktop Kaby Lake),346,5.13,107014,https://gpu.userbenchmark.com/SpeedTest/178724/IntelR-HD-Graphics-630
AMD,Radeon HD 7570,347,5.12,8818,https://gpu.userbenchmark.com/SpeedTest/9639/AMD-Radeon-HD-7570
AMD,Radeon HD 8670D,349,5.09,5585,https://gpu.userbenchmark.com/SpeedTest/8025/AMD-Radeon-HD-8670D
Nvidia,Quadro FX 3700,350,5.07,947,https://gpu.userbenchmark.com/SpeedTest/10901/NVIDIA-Quadro-FX-3700
Nvidia,Quadro FX 2800M,352,5.02,932,https://gpu.userbenchmark.com/SpeedTest/8137/NVIDIA-Quadro-FX-2800M
AMD,Radeon HD 7660D,354,4.95,6037,https://gpu.userbenchmark.com/SpeedTest/7929/AMD-Radeon-HD-7660D
Nvidia,GeForce 8800 GS,355,4.93,316,https://gpu.userbenchmark.com/SpeedTest/7976/NVIDIA-GeForce-8800-GS
AMD,Radeon HD 6750M,356,4.86,441,https://gpu.userbenchmark.com/SpeedTest/7834/AMD-Radeon-HD-6750M
AMD,Radeon 520,357,4.82,132,https://gpu.userbenchmark.com/SpeedTest/329613/RadeonTM-520
Nvidia,GeForce GT 730,358,4.8,117483,https://gpu.userbenchmark.com/SpeedTest/12582/NVIDIA-GeForce-GT-730
Nvidia,GeForce GTX 260M,359,4.78,910,https://gpu.userbenchmark.com/SpeedTest/7979/NVIDIA-GeForce-GTX-260M
AMD,Radeon HD 6570,361,4.72,16122,https://gpu.userbenchmark.com/SpeedTest/8207/AMD-Radeon-HD-6570
Intel,HD 620 (Mobile Kaby Lake),362,4.72,244098,https://gpu.userbenchmark.com/SpeedTest/153579/IntelR-HD-Graphics-620
Nvidia,GeForce GT 445M,363,4.6,298,https://gpu.userbenchmark.com/SpeedTest/17578/NVIDIA-GeForce-GT-445M
Nvidia,GeForce GT 555M,365,4.55,3667,https://gpu.userbenchmark.com/SpeedTest/8224/NVIDIA-GeForce-GT-555M
AMD,Radeon HD 8650G,366,4.54,6467,https://gpu.userbenchmark.com/SpeedTest/7910/AMD-Radeon-HD-8650G
AMD,Radeon HD 6630M,367,4.51,2029,https://gpu.userbenchmark.com/SpeedTest/9654/AMD-RadeonTM-HD-6630M
AMD,RX Vega 3 (Ryzen iGPU),370,4.32,12488,https://gpu.userbenchmark.com/SpeedTest/511366/AMD-RadeonTM-Vega-3-Mobile-Graphics
AMD,Radeon HD 7660G,371,4.31,3401,https://gpu.userbenchmark.com/SpeedTest/8022/AMD-Radeon-HD-7660G
Nvidia,GeForce GTS 360M,372,4.26,968,https://gpu.userbenchmark.com/SpeedTest/9128/NVIDIA-GeForce-GTS-360M
Nvidia,GeForce GT 240,373,4.22,8599,https://gpu.userbenchmark.com/SpeedTest/7947/NVIDIA-GeForce-GT-240
Nvidia,GeForce 8800 GTS,374,4.22,2594,https://gpu.userbenchmark.com/SpeedTest/7808/NVIDIA-GeForce-8800-GTS
AMD,Radeon HD 5570,376,4.15,8876,https://gpu.userbenchmark.com/SpeedTest/7686/AMD-Radeon-HD-5570
AMD,Radeon HD 7670M,378,4.12,827,https://gpu.userbenchmark.com/SpeedTest/7810/AMD-Radeon-HD-7670M
Nvidia,GeForce GT 440,379,4.07,11484,https://gpu.userbenchmark.com/SpeedTest/7783/NVIDIA-GeForce-GT-440
AMD,Radeon HD 7600M,380,4.01,6223,https://gpu.userbenchmark.com/SpeedTest/9552/AMD-Radeon-HD-7600M
Nvidia,GeForce 820M,381,4.01,7128,https://gpu.userbenchmark.com/SpeedTest/9527/NVIDIA-GeForce-820M
Nvidia,Quadro FX 4600,382,3.99,1037,https://gpu.userbenchmark.com/SpeedTest/8232/NVIDIA-Quadro-FX-4600
Nvidia,GeForce 9600 GT,383,3.93,14026,https://gpu.userbenchmark.com/SpeedTest/7677/NVIDIA-GeForce-9600-GT
Nvidia,GeForce GT 230,385,3.89,1182,https://gpu.userbenchmark.com/SpeedTest/8245/NVIDIA-GeForce-GT-230
Nvidia,GeForce GT 630,386,3.88,47544,https://gpu.userbenchmark.com/SpeedTest/7766/NVIDIA-GeForce-GT-630
Nvidia,NVS 5400M,387,3.87,1407,https://gpu.userbenchmark.com/SpeedTest/7907/NVIDIA-NVS-5400M
Nvidia,GeForce GT 720,388,3.78,12281,https://gpu.userbenchmark.com/SpeedTest/12696/NVIDIA-GeForce-GT-720
AMD,Radeon HD 8610G,390,3.74,3759,https://gpu.userbenchmark.com/SpeedTest/8531/AMD-Radeon-HD-8610G
Nvidia,GeForce 9800M GTS,391,3.71,313,https://gpu.userbenchmark.com/SpeedTest/12939/NVIDIA-GeForce-9800M-GTS
Nvidia,GeForce GT 720M,392,3.68,3427,https://gpu.userbenchmark.com/SpeedTest/7921/NVIDIA-GeForce-GT-720M
Nvidia,GeForce 710M,393,3.66,1878,https://gpu.userbenchmark.com/SpeedTest/10751/NVIDIA-GeForce-710M
Nvidia,GeForce GT620M,394,3.64,734,https://gpu.userbenchmark.com/SpeedTest/13398/NVIDIA-GeForce-GT620M
Nvidia,GeForce GT 550M,396,3.61,851,https://gpu.userbenchmark.com/SpeedTest/8663/NVIDIA-GeForce-GT-550M
Intel,HD 615 (Mobile Kaby Lake),397,3.61,8390,https://gpu.userbenchmark.com/SpeedTest/193629/IntelR-HD-Graphics-615
AMD,Radeon HD 8570D,398,3.61,6314,https://gpu.userbenchmark.com/SpeedTest/9112/AMD-Radeon-HD-8570D
Nvidia,GeForce GT 635M,399,3.6,2791,https://gpu.userbenchmark.com/SpeedTest/8120/NVIDIA-GeForce-GT-635M
AMD,Radeon HD 7650M,400,3.57,466,https://gpu.userbenchmark.com/SpeedTest/10887/AMD-Radeon-HD-7650M
AMD,Radeon HD 7560D,401,3.56,6960,https://gpu.userbenchmark.com/SpeedTest/8826/AMD-Radeon-HD-7560D
Nvidia,Quadro K600,402,3.55,6840,https://gpu.userbenchmark.com/SpeedTest/8080/NVIDIA-Quadro-K600
Nvidia,Quadro K1000M,403,3.55,4013,https://gpu.userbenchmark.com/SpeedTest/7800/NVIDIA-Quadro-K1000M
AMD,Radeon HD 7500M,404,3.55,9863,https://gpu.userbenchmark.com/SpeedTest/8602/AMD-Radeon-HD-7500M7600M
Nvidia,Quadro FX 1800,405,3.54,5392,https://gpu.userbenchmark.com/SpeedTest/7957/NVIDIA-Quadro-FX-1800
Nvidia,GeForce GT 630M,406,3.54,6500,https://gpu.userbenchmark.com/SpeedTest/7814/NVIDIA-GeForce-GT-630M
Nvidia,GeForce GT 530,407,3.5,3237,https://gpu.userbenchmark.com/SpeedTest/8407/NVIDIA-GeForce-GT-530
AMD,Radeon HD 6550D,408,3.48,2814,https://gpu.userbenchmark.com/SpeedTest/9223/AMD-Radeon-HD-6550D
Nvidia,GeForce GTS 250M,409,3.47,235,https://gpu.userbenchmark.com/SpeedTest/8494/NVIDIA-GeForce-GTS-250M
Nvidia,Quadro 1000M,410,3.42,4685,https://gpu.userbenchmark.com/SpeedTest/7836/NVIDIA-Quadro-1000M
Nvidia,GeForce GT625M,411,3.39,30,https://gpu.userbenchmark.com/SpeedTest/25295/NVIDIA-GeForce-GT625M
Nvidia,NVS 5200M,412,3.39,3137,https://gpu.userbenchmark.com/SpeedTest/7691/NVIDIA-NVS-5200M
Nvidia,GeForce GT 320,413,3.39,1724,https://gpu.userbenchmark.com/SpeedTest/11866/NVIDIA-GeForce-GT-320
Nvidia,GeForce GT 710,414,3.38,110318,https://gpu.userbenchmark.com/SpeedTest/77649/NVIDIA-GeForce-GT-710
Nvidia,GeForce 9800M-GS,415,3.32,199,https://gpu.userbenchmark.com/SpeedTest/9719/NVIDIA-GeForce-9800M-GS
Nvidia,NVS 510,416,3.3,1657,https://gpu.userbenchmark.com/SpeedTest/10074/NVIDIA-NVS-510
Nvidia,GeForce GT 430,417,3.3,17328,https://gpu.userbenchmark.com/SpeedTest/7745/NVIDIA-GeForce-GT-430
Nvidia,GeForce GT 435M,421,3.21,523,https://gpu.userbenchmark.com/SpeedTest/8260/NVIDIA-GeForce-GT-435M
AMD,Radeon HD 8550G,422,3.21,2100,https://gpu.userbenchmark.com/SpeedTest/7799/AMD-Radeon-HD-8550G
AMD,Radeon HD 6500M,423,3.2,10155,https://gpu.userbenchmark.com/SpeedTest/7936/AMD-Radeon-HD-6500M56005700
Nvidia,Quadro 600,424,3.19,11532,https://gpu.userbenchmark.com/SpeedTest/8084/NVIDIA-Quadro-600
Nvidia,GeForce GT 540M,426,3.15,11138,https://gpu.userbenchmark.com/SpeedTest/8006/NVIDIA-GeForce-GT-540M
AMD,Radeon HD 5500,427,3.1,3743,https://gpu.userbenchmark.com/SpeedTest/8853/AMD-Radeon-HD-5500
Nvidia,Quadro FX 3600M,428,3.09,106,https://gpu.userbenchmark.com/SpeedTest/9773/NVIDIA-Quadro-FX-3600M
AMD,Radeon HD 8510G,430,3.06,2045,https://gpu.userbenchmark.com/SpeedTest/9309/AMD-Radeon-HD-8510G
AMD,Radeon HD 7610M,431,3.05,287,https://gpu.userbenchmark.com/SpeedTest/11031/AMD-Radeon-HD-7610M
AMD,Radeon HD 7640G,432,3.03,5779,https://gpu.userbenchmark.com/SpeedTest/7903/AMD-Radeon-HD-7640G
AMD,Radeon HD 7600G,435,2.86,1278,https://gpu.userbenchmark.com/SpeedTest/12867/AMD-Radeon-HD-7600G---7500M7600M-Dual-Graphics
Nvidia,Quadro FX 1800M,436,2.85,968,https://gpu.userbenchmark.com/SpeedTest/7771/NVIDIA-Quadro-FX-1800M
AMD,Radeon HD 6620G,437,2.84,2629,https://gpu.userbenchmark.com/SpeedTest/8118/AMD-Radeon-HD-6620G
AMD,Radeon HD 8470D,438,2.83,5366,https://gpu.userbenchmark.com/SpeedTest/9693/AMD-Radeon-HD-8470D
Nvidia,GeForce GT 335M,441,2.77,702,https://gpu.userbenchmark.com/SpeedTest/10735/NVIDIA-GeForce-GT-335M
Nvidia,GeForce GT 425M,442,2.75,2413,https://gpu.userbenchmark.com/SpeedTest/7792/NVIDIA-GeForce-GT-425M
AMD,Radeon HD 7540D,443,2.75,3144,https://gpu.userbenchmark.com/SpeedTest/7756/AMD-Radeon-HD-7540D
Nvidia,Quadro FX 2700M,445,2.67,672,https://gpu.userbenchmark.com/SpeedTest/7747/NVIDIA-Quadro-FX-2700M
Nvidia,GeForce GT 525M,448,2.59,7132,https://gpu.userbenchmark.com/SpeedTest/8869/NVIDIA-GeForce-GT-525M
Nvidia,GeForce GT 130,449,2.56,199,https://gpu.userbenchmark.com/SpeedTest/12240/NVIDIA-GeForce-GT-130
Nvidia,GeForce GT 420M,450,2.52,1437,https://gpu.userbenchmark.com/SpeedTest/8926/NVIDIA-GeForce-GT-420M
AMD,Radeon HD 6530D,453,2.36,3663,https://gpu.userbenchmark.com/SpeedTest/7795/AMD-Radeon-HD-6530D
AMD,Radeon HD 7520G,454,2.35,4092,https://gpu.userbenchmark.com/SpeedTest/8569/AMD-Radeon-HD-7520G
Nvidia,NVS 5100M,456,2.3,1578,https://gpu.userbenchmark.com/SpeedTest/8318/NVIDIA-NVS-5100M
Nvidia,GeForce GT 330M,457,2.29,6080,https://gpu.userbenchmark.com/SpeedTest/7739/NVIDIA-GeForce-GT-330M
Nvidia,Quadro FX 880M,458,2.29,3901,https://gpu.userbenchmark.com/SpeedTest/7780/NVIDIA-Quadro-FX-880M
Nvidia,GeForce GT 240M,459,2.28,2027,https://gpu.userbenchmark.com/SpeedTest/8596/NVIDIA-GeForce-GT-240M
Nvidia,GeForce GT 220,460,2.27,14660,https://gpu.userbenchmark.com/SpeedTest/7737/NVIDIA-GeForce-GT-220
Nvidia,GeForce GT 620,462,2.21,12335,https://gpu.userbenchmark.com/SpeedTest/8899/NVIDIA-GeForce-GT-620
AMD,Radeon HD 6520G,464,2.14,7083,https://gpu.userbenchmark.com/SpeedTest/7806/AMD-Radeon-HD-6520G
Nvidia,GeForce GT 520MX,465,2.11,1355,https://gpu.userbenchmark.com/SpeedTest/8048/NVIDIA-GeForce-GT-520MX
Nvidia,GeForce 9700M GT,466,2.11,246,https://gpu.userbenchmark.com/SpeedTest/12102/NVIDIA-GeForce-9700M-GT
Nvidia,GeForce GT 705,467,2.07,3462,https://gpu.userbenchmark.com/SpeedTest/13024/NVIDIA-GeForce-GT-705
AMD,Radeon HD 7500G,468,2.06,1007,https://gpu.userbenchmark.com/SpeedTest/9442/AMD-Radeon-HD-7500G
Nvidia,GeForce GT 230M,469,2.06,2505,https://gpu.userbenchmark.com/SpeedTest/8017/NVIDIA-GeForce-GT-230M
Nvidia,GeForce 610M,470,2.05,4134,https://gpu.userbenchmark.com/SpeedTest/8250/NVIDIA-GeForce-610M
Nvidia,GeForce 8600 GTS,471,2.05,2214,https://gpu.userbenchmark.com/SpeedTest/8311/NVIDIA-GeForce-8600-GTS
Nvidia,GeForce 7800 GT,472,2.01,220,https://gpu.userbenchmark.com/SpeedTest/8420/NVIDIA-GeForce-7800-GT
AMD,HD 7470,473,2.01,10316,https://gpu.userbenchmark.com/SpeedTest/8681/AMD-Radeon-HD-7000-series
Nvidia,GeForce GT 130M,474,2.01,569,https://gpu.userbenchmark.com/SpeedTest/9306/NVIDIA-GeForce-GT-130M
AMD,Radeon  HD 6490M,475,2,380,https://gpu.userbenchmark.com/SpeedTest/7775/Radeon-TM-HD-6490M
AMD,Radeon HD 7470M,476,1.98,390,https://gpu.userbenchmark.com/SpeedTest/9296/AMD-Radeon-HD-7470M
AMD,Radeon R5,477,1.97,33858,https://gpu.userbenchmark.com/SpeedTest/12264/AMD-RadeonTM-R5-Graphics
AMD,Radeon HD 8370D,478,1.95,4185,https://gpu.userbenchmark.com/SpeedTest/10640/AMD-Radeon-HD-8370D
Nvidia,NVS 4200M,479,1.91,5582,https://gpu.userbenchmark.com/SpeedTest/7966/NVIDIA-NVS-4200M
AMD,Radeon HD 7480D,480,1.89,6263,https://gpu.userbenchmark.com/SpeedTest/7856/AMD-Radeon-HD-7480D
Nvidia,Quadro 400,481,1.89,871,https://gpu.userbenchmark.com/SpeedTest/9363/NVIDIA-Quadro-400
Nvidia,GeForce 9500 GS,482,1.89,1153,https://gpu.userbenchmark.com/SpeedTest/11103/NVIDIA-GeForce-9500-GS
AMD,Radeon HD 7400M,483,1.88,4096,https://gpu.userbenchmark.com/SpeedTest/7817/AMD-Radeon-HD-7400M
AMD,Radeon HD 6470M,484,1.86,4263,https://gpu.userbenchmark.com/SpeedTest/7679/AMD-Radeon-HD-6470M
Nvidia,GeForce GT 520M,486,1.84,4433,https://gpu.userbenchmark.com/SpeedTest/8308/NVIDIA-GeForce-GT-520M
Nvidia,GeForce GT 520,487,1.82,13520,https://gpu.userbenchmark.com/SpeedTest/7768/NVIDIA-GeForce-GT-520
Nvidia,GeForce GT 420,489,1.81,7118,https://gpu.userbenchmark.com/SpeedTest/10183/NVIDIA-GeForce-GT-420
Nvidia,Quadro FX 770M,490,1.81,757,https://gpu.userbenchmark.com/SpeedTest/7999/NVIDIA-Quadro-FX-770M
Nvidia,GeForce GT 610,491,1.8,45800,https://gpu.userbenchmark.com/SpeedTest/7736/NVIDIA-GeForce-GT-610
Nvidia,GeForce 320M,493,1.8,466,https://gpu.userbenchmark.com/SpeedTest/9153/NVIDIA-GeForce-320M
Nvidia,GeForce 9650M-GT,495,1.77,296,https://gpu.userbenchmark.com/SpeedTest/9295/NVIDIA-GeForce-9650M-GT
Nvidia,GeForce GT 220M,496,1.75,803,https://gpu.userbenchmark.com/SpeedTest/11828/NVIDIA-GeForce-GT-220M
AMD,Radeon HD 6480G,498,1.69,3759,https://gpu.userbenchmark.com/SpeedTest/8221/AMD-RadeonTM-HD-6480G
Nvidia,Quadro FX 1600M,499,1.68,373,https://gpu.userbenchmark.com/SpeedTest/8782/NVIDIA-Quadro-FX-1600M
AMD,Radeon HD 6450,500,1.67,24404,https://gpu.userbenchmark.com/SpeedTest/7821/AMD-Radeon-HD-6450
AMD,Radeon HD 7450,501,1.66,7438,https://gpu.userbenchmark.com/SpeedTest/8053/AMD-RadeonTM-HD-7450
Nvidia,GeForce 9600M-GT,502,1.64,3657,https://gpu.userbenchmark.com/SpeedTest/7707/NVIDIA-GeForce-9600M-GT
AMD,Radeon R3 Graphics,503,1.64,4577,https://gpu.userbenchmark.com/SpeedTest/12440/AMD-RadeonTM-R3-Graphics
Nvidia,GeForce 9500 GT,505,1.61,21783,https://gpu.userbenchmark.com/SpeedTest/7816/NVIDIA-GeForce-9500-GT
Nvidia,Quadro FX 580,506,1.59,4610,https://gpu.userbenchmark.com/SpeedTest/7761/NVIDIA-Quadro-FX-580
AMD,Radeon HD 8400-R3,507,1.59,9346,https://gpu.userbenchmark.com/SpeedTest/11160/AMD-Radeon-HD-8400--R3
Nvidia,GeForce 7900 GTX,510,1.55,171,https://gpu.userbenchmark.com/SpeedTest/10625/NVIDIA-GeForce-7900-GTX
AMD,Radeon HD 7400G,512,1.54,312,https://gpu.userbenchmark.com/SpeedTest/10815/AMD-Radeon-HD-7400G
Nvidia,Quadro NVS 320M,514,1.53,151,https://gpu.userbenchmark.com/SpeedTest/8310/NVIDIA-Quadro-NVS-320M
Nvidia,GeForce 9600M-GS,515,1.52,895,https://gpu.userbenchmark.com/SpeedTest/9821/NVIDIA-GeForce-9600M-GS
Nvidia,GeForce 8600 GT,517,1.5,9213,https://gpu.userbenchmark.com/SpeedTest/7659/NVIDIA-GeForce-8600-GT
Nvidia,GeForce 410M,518,1.48,3499,https://gpu.userbenchmark.com/SpeedTest/9169/NVIDIA-GeForce-410M
AMD,Radeon HD 6410D,519,1.48,2347,https://gpu.userbenchmark.com/SpeedTest/8199/AMD-Radeon-HD-6410D
AMD,Radeon HD 8330,521,1.39,6440,https://gpu.userbenchmark.com/SpeedTest/8155/AMD-Radeon-HD-8330
Nvidia,NVS 310,522,1.38,3322,https://gpu.userbenchmark.com/SpeedTest/10691/NVIDIA-NVS-310
Nvidia,Quadro FX 570M,524,1.35,395,https://gpu.userbenchmark.com/SpeedTest/9414/NVIDIA-Quadro-FX-570M
Nvidia,GeForce GT 415M,526,1.29,67,https://gpu.userbenchmark.com/SpeedTest/16834/NVIDIA-GeForce-GT-415M
Nvidia,Quadro FX 1700,527,1.26,2160,https://gpu.userbenchmark.com/SpeedTest/9158/NVIDIA-Quadro-FX-1700
Nvidia,GeForce 8600M GT,531,1.23,1865,https://gpu.userbenchmark.com/SpeedTest/8081/NVIDIA-GeForce-8600M-GT
AMD,HD 8240,533,1.15,3116,https://gpu.userbenchmark.com/SpeedTest/9779/AMD-Radeon-HD-8240
Nvidia,GeForce GT 320M,536,1.13,1243,https://gpu.userbenchmark.com/SpeedTest/7796/NVIDIA-GeForce-GT-320M
AMD,Radeon HD 6370M,538,1.11,674,https://gpu.userbenchmark.com/SpeedTest/10005/AMD-Radeon-HD-6370M
Nvidia,GeForce 7800 GTX,541,1.06,194,https://gpu.userbenchmark.com/SpeedTest/12348/NVIDIA-GeForce-7800-GTX
AMD,Radeon HD 6300M,542,1.06,2252,https://gpu.userbenchmark.com/SpeedTest/9894/AMD-Radeon-HD-6300M
Nvidia,GeForce 310M,543,1.04,6192,https://gpu.userbenchmark.com/SpeedTest/8049/NVIDIA-GeForce-310M
Nvidia,Quadro FX 4500,544,1.01,286,https://gpu.userbenchmark.com/SpeedTest/8032/NVIDIA-Quadro-FX-4500
Nvidia,GeForce 315M,545,1,2263,https://gpu.userbenchmark.com/SpeedTest/10068/NVIDIA-GeForce-315M
Nvidia,GeForce 7900 GS,546,1,540,https://gpu.userbenchmark.com/SpeedTest/8541/NVIDIA-GeForce-7900-GS
Nvidia,GeForce G210M,547,0.99,1177,https://gpu.userbenchmark.com/SpeedTest/8875/NVIDIA-GeForce-G210M
Nvidia,GeForce 310,548,0.98,3251,https://gpu.userbenchmark.com/SpeedTest/9197/NVIDIA-GeForce-310
Nvidia,GeForce 9400 GT,549,0.98,10220,https://gpu.userbenchmark.com/SpeedTest/7963/NVIDIA-GeForce-9400-GT
AMD,Radeon HD 7350,550,0.97,1293,https://gpu.userbenchmark.com/SpeedTest/12157/AMD-Radeon-HD-7350
AMD,Radeon HD 6350,552,0.96,2483,https://gpu.userbenchmark.com/SpeedTest/10261/AMD-Radeon-HD-6350
Nvidia,NVS 3100M,553,0.96,7941,https://gpu.userbenchmark.com/SpeedTest/7837/NVIDIA-NVS-3100M
Nvidia,Quadro FX 3500,554,0.95,547,https://gpu.userbenchmark.com/SpeedTest/10152/NVIDIA-Quadro-FX-3500
AMD,Radeon HD 7340,556,0.9,3117,https://gpu.userbenchmark.com/SpeedTest/8996/AMD-Radeon-HD-7340-Graphics
Nvidia,Quadro FX 380,557,0.9,1009,https://gpu.userbenchmark.com/SpeedTest/8914/NVIDIA-Quadro-FX-380
Nvidia,NVS 300,558,0.9,2067,https://gpu.userbenchmark.com/SpeedTest/8966/NVIDIA-NVS-300
Nvidia,GeForce G210,562,0.87,3282,https://gpu.userbenchmark.com/SpeedTest/11784/NVIDIA-GeForce-G210
AMD,HD 8210,563,0.87,3682,https://gpu.userbenchmark.com/SpeedTest/7831/AMD-Radeon-HD-8210
Nvidia,GeForce 305M,565,0.83,40,https://gpu.userbenchmark.com/SpeedTest/10705/NVIDIA-GeForce-305M
AMD,Radeon HD 6320,567,0.82,5762,https://gpu.userbenchmark.com/SpeedTest/8103/AMD-Radeon-HD-6320-Graphics
AMD,Radeon HD 5450,568,0.81,54213,https://gpu.userbenchmark.com/SpeedTest/7719/AMD-Radeon-HD-5450
Nvidia,GeForce Go 7900,569,0.77,103,https://gpu.userbenchmark.com/SpeedTest/9175/NVIDIA-GeForce-Go-7900-GS
Nvidia,GeForce 8400 GS,570,0.76,15734,https://gpu.userbenchmark.com/SpeedTest/7917/NVIDIA-GeForce-8400-GS
Nvidia,GeForce 210,571,0.76,69352,https://gpu.userbenchmark.com/SpeedTest/7740/NVIDIA-GeForce-210
Nvidia,GeForce 8500 GT,572,0.75,5196,https://gpu.userbenchmark.com/SpeedTest/7777/NVIDIA-GeForce-8500-GT
Nvidia,GeForce 8600M GS,573,0.75,838,https://gpu.userbenchmark.com/SpeedTest/8192/NVIDIA-GeForce-8600M-GS
Nvidia,GeForce 9400M,574,0.73,513,https://gpu.userbenchmark.com/SpeedTest/7998/NVIDIA-GeForce-9400M
Nvidia,GeForce 7600 GT,575,0.72,1140,https://gpu.userbenchmark.com/SpeedTest/8028/NVIDIA-GeForce-7600-GT
AMD,Radeon HD 7310,577,0.69,5806,https://gpu.userbenchmark.com/SpeedTest/9174/AMD-Radeon-HD-7310-Graphics
Nvidia,GeForce G105M,579,0.67,2235,https://gpu.userbenchmark.com/SpeedTest/8400/NVIDIA-GeForce-G105M
AMD,Radeon HD 6310,580,0.67,9634,https://gpu.userbenchmark.com/SpeedTest/7807/AMD-Radeon-HD-6310-Graphics
Nvidia,Quadro FX 570,582,0.67,1235,https://gpu.userbenchmark.com/SpeedTest/8189/NVIDIA-Quadro-FX-570
Nvidia,GeForce 7800 GS,583,0.66,38,https://gpu.userbenchmark.com/SpeedTest/11875/NVIDIA-GeForce-7800-GS
Nvidia,GeForce 8400M GT,585,0.65,338,https://gpu.userbenchmark.com/SpeedTest/10523/NVIDIA-GeForce-8400M-GT
Nvidia,Quadro NVS 290,590,0.58,1656,https://gpu.userbenchmark.com/SpeedTest/8083/NVIDIA-Quadro-NVS-290
Nvidia,Quadro FX 1500,591,0.57,439,https://gpu.userbenchmark.com/SpeedTest/11831/NVIDIA-Quadro-FX-1500
Nvidia,Quadro NVS 140M,595,0.55,829,https://gpu.userbenchmark.com/SpeedTest/7946/NVIDIA-Quadro-NVS-140M
Nvidia,GeForce 9300M GS,598,0.53,2706,https://gpu.userbenchmark.com/SpeedTest/7759/NVIDIA-GeForce-9300M-GS
Nvidia,Quadro NVS 160M,600,0.53,1528,https://gpu.userbenchmark.com/SpeedTest/8249/NVIDIA-Quadro-NVS-160M
Nvidia,GeForce 8400M GS,601,0.52,2149,https://gpu.userbenchmark.com/SpeedTest/8560/NVIDIA-GeForce-8400M-GS
Nvidia,Quadro NVS 295,602,0.52,1696,https://gpu.userbenchmark.com/SpeedTest/12626/NVIDIA-Quadro-NVS-295
Nvidia,GeForce 7600 GS,603,0.52,1138,https://gpu.userbenchmark.com/SpeedTest/11979/NVIDIA-GeForce-7600-GS
AMD,Radeon HD 6290,604,0.51,2009,https://gpu.userbenchmark.com/SpeedTest/7803/AMD-Radeon-HD-6290-Graphics
Nvidia,GeForce 9200M GS,609,0.49,989,https://gpu.userbenchmark.com/SpeedTest/9090/NVIDIA-GeForce-9200M-GS
Nvidia,Quadro NVS 450,610,0.49,550,https://gpu.userbenchmark.com/SpeedTest/7791/NVIDIA-Quadro-NVS-450
AMD,Radeon X1650,611,0.48,663,https://gpu.userbenchmark.com/SpeedTest/10866/Radeon-X1650
Nvidia,GeForce 9300 GS,612,0.48,392,https://gpu.userbenchmark.com/SpeedTest/10867/NVIDIA-GeForce-9300-GS
AMD,Radeon HD 6250M,613,0.47,38,https://gpu.userbenchmark.com/SpeedTest/13446/AMD-Radeon-HD-6250M
AMD,Radeon HD 6250,615,0.44,1503,https://gpu.userbenchmark.com/SpeedTest/8472/AMD-Radeon-HD-6250-Graphics
AMD,Radeon X1600,618,0.41,901,https://gpu.userbenchmark.com/SpeedTest/9407/Radeon-X1600-Series
Nvidia,GeForce 8200,620,0.39,995,https://gpu.userbenchmark.com/SpeedTest/11915/NVIDIA-GeForce-8200
Nvidia,Quadro FX 3450/4000 SDI,622,0.37,399,https://gpu.userbenchmark.com/SpeedTest/13072/NVIDIA-Quadro-FX-34504000-SDI
Nvidia,GeForce Go 7600,623,0.36,349,https://gpu.userbenchmark.com/SpeedTest/7872/NVIDIA-GeForce-Go-7600
Nvidia,GeForce 7300 GT,624,0.35,1419,https://gpu.userbenchmark.com/SpeedTest/8156/NVIDIA-GeForce-7300-GT
Nvidia,GeForce 6600 GT,629,0.31,528,https://gpu.userbenchmark.com/SpeedTest/8656/NVIDIA-GeForce-6600-GT
Nvidia,GeForce 8400M G,630,0.3,284,https://gpu.userbenchmark.com/SpeedTest/9009/NVIDIA-GeForce-8400M-G
Nvidia,Quadro NVS 135M,631,0.3,567,https://gpu.userbenchmark.com/SpeedTest/7758/NVIDIA-Quadro-NVS-135M
Nvidia,GeForce 8200M G,632,0.29,1262,https://gpu.userbenchmark.com/SpeedTest/7912/NVIDIA-GeForce-8200M-G
Nvidia,GeForce 6600,633,0.24,825,https://gpu.userbenchmark.com/SpeedTest/8606/NVIDIA-GeForce-6600
Nvidia,GeForce 7300 GS,634,0.18,867,https://gpu.userbenchmark.com/SpeedTest/7782/NVIDIA-GeForce-7300-GS
Nvidia,GeForce Go 7400,635,0.17,372,https://gpu.userbenchmark.com/SpeedTest/8618/NVIDIA-GeForce-Go-7400
AMD,Radeon X1300,636,0.17,1443,https://gpu.userbenchmark.com/SpeedTest/9011/Radeon-X1300X1550-Series
AMD,Radeon X1550,637,0.17,666,https://gpu.userbenchmark.com/SpeedTest/11538/Radeon-X1550-64-bit
Nvidia,GeForce 7300 LE,639,0.15,1383,https://gpu.userbenchmark.com/SpeedTest/7971/NVIDIA-GeForce-7300-LE
Nvidia,GeForce Go 7300,640,0.13,556,https://gpu.userbenchmark.com/SpeedTest/7778/NVIDIA-GeForce-Go-7300
Nvidia,Quadro NVS 440,643,0.11,99,https://gpu.userbenchmark.com/SpeedTest/10103/NVIDIA-Quadro-NVS-440
Nvidia,GeForce 7300 SE,644,0.08,2125,https://gpu.userbenchmark.com/SpeedTest/8767/NVIDIA-GeForce-7300-SE7200-GS
Nvidia,GeForce 7100 GS,645,0.08,701,https://gpu.userbenchmark.com/SpeedTest/11594/NVIDIA-GeForce-7100-GS
Nvidia,GeForce 6200,646,0.07,1571,https://gpu.userbenchmark.com/SpeedTest/9463/NVIDIA-GeForce-6200
Nvidia,GeForce 7100 / nForce 630i,647,0.07,1138,https://gpu.userbenchmark.com/SpeedTest/8642/NVIDIA-GeForce-7100--NVIDIA-nForce-630i
Nvidia,GeForce 6150,648,0.06,995,https://gpu.userbenchmark.com/SpeedTest/10968/NVIDIA-GeForce-6150
Nvidia,GeForce 6100,649,0.06,817,https://gpu.userbenchmark.com/SpeedTest/9213/NVIDIA-GeForce-6100
Nvidia,GeForce 7025 / nForce 630a,650,0.06,6740,https://gpu.userbenchmark.com/SpeedTest/9258/NVIDIA-GeForce-7025--NVIDIA-nForce-630a
Nvidia,GeForce 6150SE nForce 430,651,0.06,6374,https://gpu.userbenchmark.com/SpeedTest/7763/NVIDIA-GeForce-6150SE-nForce-430
Nvidia,GeForce 7150M / nForce 630M,652,0.05,334,https://gpu.userbenchmark.com/SpeedTest/10312/NVIDIA-GeForce-7150M--nForce-630M
